product_code,category,brand,unit_cost,list_price,price_elasticity,baseline_daily_demand
PROD0000,Beverages,Apex,18.84,24.57,-0.567,4.45
PROD0001,Electronics,Zen,9.25,55.56,-1.471,9.09
PROD0002,Personal Care,Terra,10.21,18.96,-1.169,4.88
PROD0003,Electronics,Zen,11.15,85.6,-1.523,6.91
PROD0004,Apparel,Terra,10.09,28.63,-1.394,5.97
PROD0005,Personal Care,Apex,3.43,6.21,-0.904,9.8
PROD0006,Personal Care,Quantum,4.48,9.28,-1.007,13.55
PROD0007,Beverages,Quantum,12.59,17.09,-0.76,11.25
PROD0008,Snacks,Apex,18.57,32.18,-0.669,9.05
PROD0009,Personal Care,Terra,7.21,14.35,-1.406,5.84
PROD0010,Household,Apex,18.77,36.73,-0.937,6.0
PROD0011,Electronics,Nova,14.09,102.44,-1.805,7.97
PROD0012,Personal Care,Terra,11.19,17.84,-1.069,16.32
PROD0013,Beverages,Zen,24.59,34.59,-0.7,15.93
PROD0014,Snacks,Nova,35.67,59.01,-1.189,20.62
PROD0015,Apparel,Nova,14.4,40.94,-1.337,10.06
PROD0016,Snacks,Quantum,17.21,23.11,-0.822,10.72
PROD0017,Personal Care,Terra,12.96,20.42,-0.958,4.75
PROD0018,Apparel,Apex,23.49,65.33,-1.6,5.72
PROD0019,Beverages,Quantum,13.16,17.04,-0.908,3.33
PROD0020,Household,Terra,6.51,13.87,-0.586,5.53
PROD0021,Apparel,Apex,5.46,16.62,-1.333,7.57
PROD0022,Snacks,Terra,9.67,15.04,-0.965,7.04
PROD0023,Household,Nova,6.76,12.54,-0.641,3.5
PROD0024,Apparel,Zen,8.45,24.53,-1.182,3.17
PROD0025,Beverages,Quantum,9.92,14.1,-0.929,9.93
PROD0026,Personal Care,Quantum,9.03,17.59,-1.096,4.16
PROD0027,Electronics,Terra,16.98,108.02,-1.665,10.68
PROD0028,Household,Apex,8.21,15.79,-0.725,7.49
PROD0029,Personal Care,Quantum,6.93,13.13,-1.192,5.66
PROD0030,Snacks,Quantum,4.92,8.57,-0.831,6.45
PROD0031,Personal Care,Zen,26.36,44.81,-1.527,10.39
PROD0032,Snacks,Quantum,12.32,18.39,-0.892,5.89
PROD0033,Personal Care,Nova,16.31,30.27,-0.821,9.55
PROD0034,Snacks,Nova,17.14,23.69,-0.774,12.81
PROD0035,Electronics,Apex,5.7,41.17,-1.328,1.4
PROD0036,Electronics,Terra,13.54,107.63,-1.52,14.88
PROD0037,Snacks,Zen,13.26,19.1,-0.925,5.83
PROD0038,Household,Zen,5.8,11.3,-0.922,12.77
PROD0039,Snacks,Quantum,9.72,13.33,-0.957,7.45
PROD0040,Personal Care,Quantum,18.07,33.06,-0.865,2.74
PROD0041,Snacks,Nova,21.68,37.89,-0.895,4.19
PROD0042,Household,Zen,49.56,98.31,-0.728,3.51
PROD0043,Snacks,Apex,37.95,53.66,-0.799,4.17
PROD0044,Personal Care,Apex,13.67,23.53,-1.149,6.13
PROD0045,Electronics,Apex,14.93,108.28,-1.4,3.0
PROD0046,Personal Care,Terra,12.76,25.59,-1.437,11.6
PROD0047,Apparel,Nova,8.89,27.02,-1.156,7.86
PROD0048,Snacks,Zen,20.13,30.91,-0.843,13.88
PROD0049,Electronics,Quantum,24.34,185.44,-1.545,15.94
PROD0050,Personal Care,Terra,9.67,15.61,-1.143,14.54
PROD0051,Personal Care,Apex,8.89,18.27,-1.386,15.08
PROD0052,Household,Zen,10.24,19.87,-0.642,14.96
PROD0053,Personal Care,Nova,3.2,5.54,-1.09,1.52
PROD0054,Personal Care,Quantum,15.35,30.16,-1.003,6.52
PROD0055,Beverages,Nova,34.77,45.29,-0.683,7.53
PROD0056,Beverages,Apex,14.2,17.87,-0.706,6.82
PROD0057,Electronics,Nova,6.79,44.25,-1.209,12.04
PROD0058,Personal Care,Quantum,14.2,27.12,-1.16,9.66
PROD0059,Household,Quantum,19.24,33.41,-0.828,7.77
PROD0060,Apparel,Quantum,11.97,36.35,-1.347,3.89
PROD0061,Household,Zen,8.0,14.5,-0.83,6.8
PROD0062,Beverages,Terra,13.77,19.53,-0.725,10.5
PROD0063,Snacks,Zen,12.95,17.88,-0.948,11.34
PROD0064,Household,Apex,15.68,33.14,-0.94,3.44
PROD0065,Snacks,Zen,21.86,37.74,-0.849,4.38
PROD0066,Apparel,Terra,8.33,24.33,-1.369,8.64
PROD0067,Apparel,Nova,12.12,35.78,-1.441,8.31
PROD0068,Electronics,Apex,14.65,105.42,-1.636,8.76
PROD0069,Personal Care,Zen,18.75,36.45,-0.926,5.57
PROD0070,Electronics,Apex,13.85,84.71,-1.509,8.33
PROD0071,Beverages,Zen,21.85,32.12,-0.512,12.7
PROD0072,Snacks,Zen,15.5,26.01,-0.789,13.03
PROD0073,Personal Care,Terra,5.0,9.86,-1.05,5.16
PROD0074,Electronics,Quantum,28.5,196.0,-1.509,6.31
PROD0075,Personal Care,Nova,9.37,18.63,-1.355,13.31
PROD0076,Beverages,Terra,24.2,34.34,-0.543,6.98
PROD0077,Snacks,Terra,28.17,39.5,-0.863,14.01
PROD0078,Snacks,Nova,8.64,12.49,-0.706,12.01
PROD0079,Snacks,Nova,5.33,8.43,-1.001,6.74
PROD0080,Beverages,Nova,11.53,16.38,-0.757,7.93
PROD0081,Personal Care,Terra,9.93,19.63,-0.952,8.39
PROD0082,Personal Care,Apex,18.73,36.18,-1.221,6.94
PROD0083,Electronics,Terra,2.11,13.56,-1.83,6.53
PROD0084,Electronics,Zen,16.89,114.76,-1.768,8.1
PROD0085,Personal Care,Terra,9.18,18.04,-1.023,3.23
PROD0086,Personal Care,Quantum,5.58,10.03,-0.827,2.87
PROD0087,Electronics,Quantum,14.23,91.78,-1.535,5.0
PROD0088,Apparel,Zen,9.29,32.19,-1.304,2.48
PROD0089,Household,Terra,23.26,44.93,-0.873,6.4
PROD0090,Electronics,Quantum,18.65,123.42,-1.828,5.02
PROD0091,Apparel,Zen,8.77,27.1,-1.414,8.67
PROD0092,Beverages,Terra,17.06,22.53,-0.552,4.88
PROD0093,Apparel,Nova,11.34,32.64,-1.283,10.11
PROD0094,Snacks,Apex,41.26,66.47,-0.766,3.02
PROD0095,Personal Care,Quantum,8.64,17.05,-1.014,5.29
PROD0096,Electronics,Zen,21.82,148.76,-1.795,3.63
PROD0097,Electronics,Zen,18.24,115.31,-1.42,16.76
PROD0098,Beverages,Apex,10.0,13.9,-0.557,2.87
PROD0099,Household,Nova,7.78,14.82,-1.028,7.45
PROD0100,Beverages,Quantum,13.47,18.51,-0.99,9.13
PROD0101,Snacks,Zen,9.25,13.19,-0.909,1.67
PROD0102,Electronics,Zen,36.67,276.46,-1.654,12.92
PROD0103,Personal Care,Zen,2.01,3.35,-1.113,10.65
PROD0104,Household,Terra,14.37,24.45,-0.811,3.6
PROD0105,Electronics,Quantum,11.71,86.66,-1.544,5.12
PROD0106,Electronics,Terra,21.17,158.46,-1.725,10.1
PROD0107,Electronics,Apex,25.19,163.17,-1.878,4.08
PROD0108,Beverages,Zen,15.13,19.21,-0.436,8.09
PROD0109,Personal Care,Zen,12.47,23.22,-1.19,5.43
PROD0110,Personal Care,Apex,9.87,20.12,-0.995,6.66
PROD0111,Beverages,Zen,15.95,20.76,-0.69,3.91
PROD0112,Household,Apex,26.5,52.53,-1.019,6.89
PROD0113,Household,Zen,6.84,12.5,-0.752,7.97
PROD0114,Electronics,Apex,25.14,188.13,-1.7,7.66
PROD0115,Apparel,Terra,23.16,70.66,-1.169,9.19
PROD0116,Beverages,Apex,11.11,15.02,-0.725,12.17
PROD0117,Snacks,Terra,9.74,15.67,-0.853,5.2
PROD0118,Household,Nova,11.86,23.45,-0.63,7.11
PROD0119,Beverages,Terra,15.63,20.01,-0.89,12.29
PROD0120,Snacks,Terra,9.92,14.91,-0.774,4.88
PROD0121,Household,Nova,21.6,47.86,-0.832,4.22
PROD0122,Beverages,Apex,5.75,8.74,-0.717,7.39
PROD0123,Electronics,Nova,21.16,148.63,-1.643,6.21
PROD0124,Apparel,Apex,6.35,20.45,-1.217,3.28
PROD0125,Beverages,Zen,16.63,20.9,-0.682,9.08
PROD0126,Personal Care,Zen,31.06,55.13,-0.887,7.96
PROD0127,Electronics,Apex,4.13,32.17,-1.583,11.06
PROD0128,Apparel,Zen,8.5,23.85,-1.347,5.71
PROD0129,Snacks,Terra,18.83,32.99,-0.742,7.66
PROD0130,Beverages,Terra,6.29,9.68,-0.539,17.02
PROD0131,Apparel,Nova,16.91,54.85,-1.139,14.65
PROD0132,Apparel,Zen,8.38,24.88,-1.123,11.87
PROD0133,Snacks,Apex,4.44,6.04,-0.99,12.63
PROD0134,Personal Care,Apex,32.12,55.03,-0.9,8.11
PROD0135,Electronics,Zen,12.4,92.78,-1.603,4.97
PROD0136,Electronics,Quantum,7.38,50.5,-1.511,14.89
PROD0137,Beverages,Terra,11.77,17.9,-0.769,5.76
PROD0138,Household,Nova,9.11,16.41,-1.057,17.03
PROD0139,Electronics,Quantum,8.91,68.14,-1.455,7.16
PROD0140,Household,Apex,28.33,61.24,-0.704,9.47
PROD0141,Beverages,Terra,10.73,15.98,-0.708,11.37
PROD0142,Beverages,Terra,19.14,24.53,-0.703,6.53
PROD0143,Snacks,Quantum,16.53,23.44,-0.627,10.8
PROD0144,Electronics,Quantum,15.82,96.95,-1.369,16.34
PROD0145,Beverages,Apex,6.82,8.32,-0.839,4.64
PROD0146,Beverages,Quantum,7.59,11.35,-0.567,9.38
PROD0147,Snacks,Terra,11.88,18.25,-0.82,5.54
PROD0148,Beverages,Terra,23.64,35.57,-0.606,10.8
PROD0149,Beverages,Zen,4.16,5.46,-0.64,9.88
PROD0150,Beverages,Nova,17.29,23.14,-0.615,5.92
PROD0151,Personal Care,Zen,18.3,37.06,-1.01,7.55
PROD0152,Household,Zen,12.91,28.9,-0.512,12.46
PROD0153,Personal Care,Apex,14.87,23.98,-1.159,8.57
PROD0154,Beverages,Zen,8.64,13.06,-0.623,8.72
PROD0155,Snacks,Nova,19.54,30.57,-0.735,9.36
PROD0156,Household,Apex,3.93,6.61,-0.707,4.12
PROD0157,Apparel,Apex,25.12,79.95,-1.369,6.08
PROD0158,Apparel,Terra,9.6,27.71,-1.249,6.17
PROD0159,Snacks,Quantum,47.14,69.5,-0.833,3.35
PROD0160,Beverages,Apex,18.6,29.53,-0.729,7.72
PROD0161,Electronics,Terra,23.5,175.91,-1.683,15.55
PROD0162,Apparel,Terra,19.94,53.6,-1.234,2.28
PROD0163,Personal Care,Terra,14.99,28.69,-0.894,5.89
PROD0164,Electronics,Apex,27.97,168.55,-1.611,3.77
PROD0165,Apparel,Apex,20.49,70.07,-1.29,5.05
PROD0166,Household,Zen,27.75,55.89,-0.628,6.09
PROD0167,Apparel,Quantum,13.39,42.78,-1.328,10.62
PROD0168,Beverages,Apex,10.67,12.87,-0.739,6.06
PROD0169,Snacks,Terra,27.55,37.38,-0.876,6.1
PROD0170,Snacks,Quantum,16.95,26.3,-0.952,9.88
PROD0171,Beverages,Zen,32.91,44.52,-0.776,6.42
PROD0172,Apparel,Terra,19.67,66.09,-1.03,6.96
PROD0173,Beverages,Nova,11.53,15.15,-0.633,3.19
PROD0174,Household,Nova,21.6,41.12,-0.985,8.13
PROD0175,Beverages,Terra,19.51,24.35,-0.858,4.42
PROD0176,Snacks,Nova,17.29,26.65,-0.888,8.7
PROD0177,Personal Care,Nova,14.53,29.88,-1.065,6.55
PROD0178,Snacks,Zen,7.02,10.09,-0.784,2.45
PROD0179,Personal Care,Quantum,18.48,36.43,-1.34,4.96
PROD0180,Personal Care,Apex,6.85,11.27,-0.896,13.59
PROD0181,Snacks,Nova,12.14,20.76,-1.003,14.63
PROD0182,Electronics,Terra,32.98,231.69,-1.575,6.77
PROD0183,Beverages,Apex,12.57,15.72,-0.557,15.54
PROD0184,Snacks,Zen,23.8,39.61,-1.114,4.25
PROD0185,Snacks,Zen,10.92,18.68,-0.804,3.72
PROD0186,Snacks,Quantum,13.3,18.4,-0.534,9.19
PROD0187,Snacks,Nova,13.74,18.85,-0.922,9.78
PROD0188,Apparel,Apex,21.2,60.66,-1.355,7.31
PROD0189,Electronics,Apex,22.03,154.87,-1.671,6.1
PROD0190,Beverages,Terra,5.92,9.35,-0.622,5.53
PROD0191,Snacks,Apex,19.44,33.02,-1.011,2.97
PROD0192,Snacks,Zen,20.6,30.13,-1.027,11.01
PROD0193,Personal Care,Nova,6.18,9.76,-1.069,11.89
PROD0194,Snacks,Nova,29.88,47.27,-0.641,6.15
PROD0195,Personal Care,Zen,26.69,49.61,-1.051,3.6
PROD0196,Apparel,Zen,13.2,37.65,-1.389,7.5
PROD0197,Personal Care,Apex,10.2,19.11,-1.295,2.73
PROD0198,Household,Terra,5.89,13.13,-0.73,3.65
PROD0199,Household,Nova,16.24,28.6,-0.668,13.44
